preference_type,preference,percentage,sample_size
Election Timing,June 2025,31.6,5892
Election Timing,December 2025,26.5,5892
Election Timing,June 2026,7.9,5892
Election Timing,December 2026,6.6,5892
Election Timing,Later than December 2026,10.9,5892
Election Timing,I cannot comment,16.4,5892
Election Timing (Urban),June 2025,23.95,1591
Election Timing (Urban),December 2025,26.46,1591
Election Timing (Urban),June 2026,10.18,1591
Election Timing (Urban),December 2026,7.35,1591
Election Timing (Urban),Later than December 2026,16.03,1591
Election Timing (Urban),I cannot comment,16.03,1591
Election Timing (Rural),June 2025,34.41,4301
Election Timing (Rural),December 2025,26.58,4301
Election Timing (Rural),June 2026,7.11,4301
Election Timing (Rural),December 2026,6.32,4301
Election Timing (Rural),Later than December 2026,9.04,4301
Election Timing (Rural),I cannot comment,16.53,4301